{"cameraMode":{"drawMode":0,"name":"Shaded","section":"Shading Mode"},"sceneLighting":true,"audioPlay":false,"sceneViewState":{"m_AlwaysRefresh":false,"showFog":true,"showSkybox":true,"showFlares":true,"showImageEffects":true,"showParticleSystems":true,"showVisualEffectGraphs":true,"m_FxEnabled":true},"in2DMode":false,"pivot":{"x":48.688236236572269,"y":4.292871475219727,"z":4.310899257659912},"rotation":{"x":0.10304033011198044,"y":-0.0730542242527008,"z":0.0075680711306631569,"w":0.9919790029525757},"size":0.8660253882408142,"orthographic":false}